wendt=Alexander Wendt <wendt@ict.tuwien.ac.at>
perner=Andreas Perner <perner@ict.tuwien.ac.at>
zeilinger=Heimo Zeilinger <zeilinger@ict.tuwien.ac.at>
hinterleitner=Isabella Hinterleitner <hinterleitner@ict.tuwien.ac.at>
kohlhauser=Stefan Kohlhauser <kohlhauser@ict.tuwien.ac.at>
deutsch=Tobias Deutsch <deutsch@ict.tuwien.ac.at>